{"loss": [1.3646363019943237, 0.43635937571525574, 0.2636251747608185, 0.18414299190044403, 0.1365814357995987, 0.10969462990760803, 0.08871113508939743, 0.07308729737997055, 0.06453156471252441, 0.056820712983608246], "accuracy": [0.5966711640357971, 0.8603599071502686, 0.9154989719390869, 0.9401095509529114, 0.9548189640045166, 0.9645351767539978, 0.9713208675384521, 0.976456344127655, 0.9790881276130676, 0.9811224341392517], "val_loss": [0.44900625944137573, 0.271798700094223, 0.19331981241703033, 0.26798081398010254, 0.20040343701839447, 0.1283869445323944, 0.09155777841806412, 0.14612466096878052, 0.11991419643163681, 0.09702745079994202], "val_accuracy": [0.8579720258712769, 0.9136223793029785, 0.9357004761695862, 0.9177193641662598, 0.9400819540023804, 0.9607943296432495, 0.9710936546325684, 0.9560145735740662, 0.9649482369422913, 0.9708660244941711]}